"Model","Algorithm","Dimension","Target","Condition","RMSE","MAE","RMSE_normalised","MAE_normalised","Acceptance","Runtime","ESS_median","ESS_min","ESS_per_sec","Rhat_max","Params_unconverged","N_params","Total_draws","DimCategory"
"arma-arma11","AM",4,"bridgestan",1.73309170004911,0.000330960247374097,0.000241135867282835,0.0121970751490592,0.010446813942915,0.296265,8.39688670635223,14439.3015689956,14354.7872600937,429.900452213804,1.0002485696231,0,4,200000,"Low (2-5)"
"arma-arma11","RAM",4,"bridgestan",1.73309170004911,0.000565829763723246,0.000409911398425549,0.0158397357211937,0.0141117573988233,0.239765,8.38776808977127,13977.6056460671,13503.9103767513,416.606822472611,1.00031126033899,0,4,200000,"Low (2-5)"
"arma-arma11","RWM_baseline",4,"bridgestan",1.73309170004911,0.000241827661970874,0.000202761055540666,0.0132536949554559,0.0106921239568232,0.292305,2.37116926908493,13897.5026216064,13271.7398423726,1465.25838568345,1.00021596210629,0,4,200000,"Low (2-5)"
"earnings-earn_height","AM",3,"bridgestan",1172.23276929935,60.1210838396101,36.651653297936,0.0116270250454521,0.0112397366388157,0.319115,8.78231275081635,19764.1436212091,17801.6555841208,562.612155305331,1.00016066115245,0,3,200000,"Low (2-5)"
"earnings-earn_height","RAM",3,"bridgestan",1172.23276929935,33.1233336302354,20.6436125316299,0.0079143041907083,0.00731766612404293,0.231515,8.88979005813599,16884.1073941167,16869.3766733124,474.817382741908,1.00026866935447,0,3,200000,"Low (2-5)"
"earnings-earn_height","RWM_baseline",3,"bridgestan",1172.23276929935,349.155459942051,209.165385700446,0.0566835422490604,0.0538604205989183,0.023675,3.03410542011261,821.468945434643,818.18206632991,67.6862560533703,1.00917824292398,0,3,200000,"Low (2-5)"
"earnings-log10earn_height","AM",3,"bridgestan",1302.46861941854,0.00327618030395453,0.00197774996983858,0.0286774195710333,0.0270187725939482,0.08231,8.90669649839401,4646.26975698961,4421.59067010673,130.415069095129,1.0012798875887,0,3,200000,"Low (2-5)"
"earnings-log10earn_height","RAM",3,"bridgestan",1302.46861941854,0.00256306444639347,0.00153950182340202,0.0205901146869663,0.0196628668743628,0.231955,8.72516095638275,4635.20646595613,4627.02150040639,132.811488783061,1.00075240795089,0,3,200000,"Low (2-5)"
"earnings-log10earn_height","RWM_baseline",3,"bridgestan",1302.46861941854,0.00493213470591998,0.00301035706100321,0.0454678563393915,0.0445246479482293,0.023065,2.9932667016983,819.147385819051,816.145246215523,68.4158368977184,1.01328445331762,2,3,200000,"Low (2-5)"
"arK-arK","AM",7,"bridgestan",116.772737675029,0.00123091793710508,0.000923025201521089,0.0200926099437317,0.0170576185803244,0.271145,10.0266402363777,8705.26105477383,8143.53001696019,217.053291270744,1.00064325551841,0,7,200000,"Medium (6-10)"
"arK-arK","RAM",7,"bridgestan",116.772737675029,0.0016375606051222,0.00134093641316512,0.0238174733219082,0.0214848145537025,0.239035,10.2534119486809,8068.73701269134,7691.04042422327,196.732976619783,1.00090584970267,0,7,200000,"Medium (6-10)"
"arK-arK","RWM_baseline",7,"bridgestan",116.772737675029,0.00331010658094018,0.00259671085329933,0.0585030994349535,0.0467522401746611,0.063965,3.74968975782394,1525.98122635678,1349.03157896403,101.740498875456,1.00694249258562,0,7,200000,"Medium (6-10)"
"bball_drive_event_0-hmm_drive_0","AM",8,"bridgestan",1.68240481113451,0.00361322582864704,0.00155273375707549,0.0192906565701662,0.0169492455348069,0.265115,47.5370317697525,9709.007412493,8569.87833110142,51.0602316290958,1.00046276462651,0,8,200000,"Medium (6-10)"
"bball_drive_event_0-hmm_drive_0","RAM",8,"bridgestan",1.68240481113451,0.0047353638987002,0.00200362190256105,0.0239539153817251,0.0201290729551063,0.224945,46.1347301006317,8983.94556644282,8490.91329900308,48.6832021496957,1.0005940892614,0,8,200000,"Medium (6-10)"
"bball_drive_event_0-hmm_drive_0","RWM_baseline",8,"bridgestan",1.68240481113451,0.00194221529800371,0.000929694637297648,0.0198575867640586,0.0173266778615349,0.25308,39.6323574781418,9378.48384698384,8638.26858653085,59.1592605370265,1.00082652773789,0,8,200000,"Medium (6-10)"
"bball_drive_event_1-hmm_drive_1","AM",8,"bridgestan",19.5715360838061,0.000156603588134135,0.000114813809884133,0.0184126151718492,0.0134024676792589,0.265615,45.178259074688,9770.84022417422,9303.26372688681,54.0682643836564,1.00052931023089,0,8,200000,"Medium (6-10)"
"bball_drive_event_1-hmm_drive_1","RAM",8,"bridgestan",19.5715360838061,0.000237673038138575,0.000178539245494995,0.0201192517720925,0.0170245650175344,0.22886,44.1056772470474,9295.66766403402,9021.54692277022,52.6897456531874,1.0006412579191,0,8,200000,"Medium (6-10)"
"bball_drive_event_1-hmm_drive_1","RWM_baseline",8,"bridgestan",19.5715360838061,0.00035994300895229,0.000263586081182831,0.0337419707966218,0.0270904950622423,0.10036,37.7738054990768,3215.5390672791,2080.02407981326,21.2815403743057,1.0020646251698,0,8,200000,"Medium (6-10)"
"diamonds-diamonds","AM",26,"bridgestan",241407.037641146,0.00761034944843261,0.00340729149973327,0.0452620723059069,0.0346049489968332,0.23181,18.8933738470078,2177.46778481696,1488.33728008743,28.8125853334794,1.00486371813772,0,26,200000,"High (11+)"
"diamonds-diamonds","RAM",26,"bridgestan",241407.037641146,0.00590500865547883,0.00262532971420684,0.0505060781283927,0.039421162976764,0.23706,23.3640737533569,1754.44422515475,1489.73842182592,18.772884425845,1.00477231469161,0,26,200000,"High (11+)"
"diamonds-diamonds","RWM_baseline",26,"bridgestan",241407.037641146,0.107096303987634,0.0493187783612215,0.689520178536279,0.560567299581622,0.00049,6.5015070438385,6.48326559739182,4.86906110361089,0.249298568534815,2.40030763214274,26,26,200000,"High (11+)"
