"Algorithm","DimCategory","N_models","Mean_Acceptance","Mean_ESS_per_sec","Worst_Rhat"
"RWM_baseline","Low (2-5)",3,0.113015,533.786826211513,1.01328445331762
"AM","Low (2-5)",3,0.232563333333333,374.309225538088,1.0012798875887
"RAM","Low (2-5)",3,0.234411666666667,341.411897999194,1.00075240795089
"AM","Medium (6-10)",3,0.267291666666667,107.393929094499,1.00064325551841
"RAM","Medium (6-10)",3,0.230946666666667,99.3686414742219,1.00090584970267
"RWM_baseline","Medium (6-10)",3,0.139135,60.7270999289293,1.00694249258562
"AM","High (11+)",1,0.23181,28.8125853334794,1.00486371813772
"RAM","High (11+)",1,0.23706,18.772884425845,1.00477231469161
"RWM_baseline","High (11+)",1,0.00049,0.249298568534815,2.40030763214274
